model,batch_size,prompt_len,total_len,total_time,total_time_aux,time_prompt,time_inc
LLAMA_official,4,1,512,39.392184019088745,39391.605728149414,82.96038055419922,77.07577519136316
LLAMA_official,4,8,512,39.756227254867554,39755.03468322754,93.57516479492188,78.84982011616823
LLAMA_official,4,64,512,34.57111573219299,34569.834533691406,95.61907196044922,77.12352452288805
LLAMA_official,4,512,2048,133.71316480636597,133711.6181716919,242.1227569580078,86.9508113451035
LLAMA_official,16,1,512,42.4262912273407,42424.16743469238,70.58124542236328,83.04624742994122
LLAMA_official,16,8,512,42.28506636619568,42283.89586639404,84.27315521240234,83.89587020115634
LLAMA_official,16,64,512,38.3014817237854,38300.23375701904,146.95834350585938,85.35408369913463
LLAMA_official,16,512,2048,175.63294053077698,175631.02110290527,749.3416748046875,113.92943285218279
